<linker>
  <assembly fullname="Assembly-CSharp, Version=0.0.0.0, Culture=neutral, PublicKeyToken=null">
    <type fullname="ButtonSound" preserve="all" />
    <type fullname="ChangeInformation" preserve="all" />
    <type fullname="Choice" preserve="all" />
    <type fullname="ChoiceConfig" preserve="all" />
    <type fullname="CurrencyController" preserve="all" />
    <type fullname="DateController" preserve="all" />
    <type fullname="Event" preserve="all" />
    <type fullname="EventController" preserve="all" />
    <type fullname="EventsConfig" preserve="all" />
    <type fullname="GameManager" preserve="all" />
    <type fullname="GoodButton" preserve="all" />
    <type fullname="GoodsController" preserve="all" />
    <type fullname="Guide" preserve="all" />
    <type fullname="JobHolder" preserve="all" />
    <type fullname="JobInit" preserve="all" />
    <type fullname="JobSound" preserve="all" />
    <type fullname="MainController" preserve="all" />
    <type fullname="MainMenu" preserve="all" />
    <type fullname="MusicManager" preserve="all" />
    <type fullname="PanelController" preserve="all" />
    <type fullname="Persona" preserve="all" />
    <type fullname="PersonaController" preserve="all" />
    <type fullname="SceneLoader" preserve="all" />
    <type fullname="Tooltip" preserve="all" />
    <type fullname="TransitionScreen" preserve="all" />
    <type fullname="Event/TextAndDuration" preserve="nothing" serialized="true" />
  </assembly>
  <assembly fullname="Unity.Addressables, Version=0.0.0.0, Culture=neutral, PublicKeyToken=null" preserve="all">
    <type fullname="UnityEngine.AddressableAssets.Addressables" preserve="all" />
    <type fullname="UnityEngine.AddressableAssets.AssetReference" preserve="nothing" serialized="true" />
  </assembly>
  <assembly fullname="Unity.RenderPipelines.Universal.Runtime, Version=0.0.0.0, Culture=neutral, PublicKeyToken=null">
    <type fullname="UnityEngine.Rendering.Universal.UniversalAdditionalCameraData" preserve="all" />
  </assembly>
  <assembly fullname="Unity.ResourceManager, Version=0.0.0.0, Culture=neutral, PublicKeyToken=null" preserve="all">
    <type fullname="UnityEngine.ResourceManagement.ResourceProviders.AssetBundleProvider" preserve="all" />
    <type fullname="UnityEngine.ResourceManagement.ResourceProviders.BundledAssetProvider" preserve="all" />
    <type fullname="UnityEngine.ResourceManagement.ResourceProviders.InstanceProvider" preserve="all" />
    <type fullname="UnityEngine.ResourceManagement.ResourceProviders.LegacyResourcesProvider" preserve="all" />
    <type fullname="UnityEngine.ResourceManagement.ResourceProviders.SceneProvider" preserve="all" />
  </assembly>
  <assembly fullname="UnityEngine.AudioModule, Version=0.0.0.0, Culture=neutral, PublicKeyToken=null">
    <type fullname="UnityEngine.AudioClip" preserve="all" />
    <type fullname="UnityEngine.AudioListener" preserve="all" />
    <type fullname="UnityEngine.AudioSource" preserve="all" />
  </assembly>
  <assembly fullname="UnityEngine.CoreModule, Version=0.0.0.0, Culture=neutral, PublicKeyToken=null">
    <type fullname="UnityEngine.Camera" preserve="all" />
    <type fullname="UnityEngine.GameObject" preserve="all" />
    <type fullname="UnityEngine.LightmapSettings" preserve="all" />
    <type fullname="UnityEngine.Material" preserve="all" />
    <type fullname="UnityEngine.Object" preserve="all" />
    <type fullname="UnityEngine.RectTransform" preserve="all" />
    <type fullname="UnityEngine.RenderSettings" preserve="all" />
    <type fullname="UnityEngine.Shader" preserve="all" />
    <type fullname="UnityEngine.Sprite" preserve="all" />
    <type fullname="UnityEngine.TextAsset" preserve="all" />
    <type fullname="UnityEngine.Texture2D" preserve="all" />
    <type fullname="UnityEngine.Transform" preserve="all" />
    <type fullname="UnityEngine.Events.ArgumentCache" preserve="nothing" serialized="true" />
    <type fullname="UnityEngine.Events.PersistentCallGroup" preserve="nothing" serialized="true" />
    <type fullname="UnityEngine.Events.PersistentListenerMode" preserve="nothing" serialized="true" />
    <type fullname="UnityEngine.RectOffset" preserve="nothing" serialized="true" />
  </assembly>
  <assembly fullname="UnityEngine.TextRenderingModule, Version=0.0.0.0, Culture=neutral, PublicKeyToken=null">
    <type fullname="UnityEngine.Font" preserve="all" />
  </assembly>
  <assembly fullname="UnityEngine.UI, Version=1.0.0.0, Culture=neutral, PublicKeyToken=null">
    <type fullname="UnityEngine.EventSystems.EventSystem" preserve="all" />
    <type fullname="UnityEngine.EventSystems.StandaloneInputModule" preserve="all" />
    <type fullname="UnityEngine.UI.Button" preserve="all" />
    <type fullname="UnityEngine.UI.CanvasScaler" preserve="all" />
    <type fullname="UnityEngine.UI.ContentSizeFitter" preserve="all" />
    <type fullname="UnityEngine.UI.GraphicRaycaster" preserve="all" />
    <type fullname="UnityEngine.UI.GridLayoutGroup" preserve="all" />
    <type fullname="UnityEngine.UI.HorizontalLayoutGroup" preserve="all" />
    <type fullname="UnityEngine.UI.Image" preserve="all" />
    <type fullname="UnityEngine.UI.Mask" preserve="all" />
    <type fullname="UnityEngine.UI.ScrollRect" preserve="all" />
    <type fullname="UnityEngine.UI.Text" preserve="all" />
    <type fullname="UnityEngine.UI.VerticalLayoutGroup" preserve="all" />
    <type fullname="UnityEngine.UI.AnimationTriggers" preserve="nothing" serialized="true" />
    <type fullname="UnityEngine.UI.Button/ButtonClickedEvent" preserve="nothing" serialized="true" />
    <type fullname="UnityEngine.UI.ColorBlock" preserve="nothing" serialized="true" />
    <type fullname="UnityEngine.UI.FontData" preserve="nothing" serialized="true" />
    <type fullname="UnityEngine.UI.MaskableGraphic/CullStateChangedEvent" preserve="nothing" serialized="true" />
    <type fullname="UnityEngine.UI.Navigation" preserve="nothing" serialized="true" />
    <type fullname="UnityEngine.UI.SpriteState" preserve="nothing" serialized="true" />
    <type fullname="UnityEngine.UI.ScrollRect/ScrollRectEvent" preserve="nothing" serialized="true" />
  </assembly>
  <assembly fullname="UnityEngine.UIElementsModule, Version=0.0.0.0, Culture=neutral, PublicKeyToken=null">
    <type fullname="UnityEngine.UIElements.PanelSettings" preserve="all" />
    <type fullname="UnityEngine.UIElements.StyleSheet" preserve="all" />
    <type fullname="UnityEngine.UIElements.ThemeStyleSheet" preserve="all" />
    <type fullname="UnityEngine.UIElements.UIDocument" preserve="all" />
    <type fullname="UnityEngine.UIElements.VisualTreeAsset" preserve="all" />
    <type fullname="UnityEngine.UIElements.DynamicAtlasSettings" preserve="nothing" serialized="true" />
    <type fullname="UnityEngine.UIElements.StyleComplexSelector" preserve="nothing" serialized="true" />
    <type fullname="UnityEngine.UIElements.StyleProperty" preserve="nothing" serialized="true" />
    <type fullname="UnityEngine.UIElements.StyleRule" preserve="nothing" serialized="true" />
    <type fullname="UnityEngine.UIElements.StyleSelector" preserve="nothing" serialized="true" />
    <type fullname="UnityEngine.UIElements.StyleSelectorPart" preserve="nothing" serialized="true" />
    <type fullname="UnityEngine.UIElements.StyleSheet/ImportStruct" preserve="nothing" serialized="true" />
    <type fullname="UnityEngine.UIElements.StyleSheets.Dimension" preserve="nothing" serialized="true" />
    <type fullname="UnityEngine.UIElements.StyleSheets.ScalableImage" preserve="nothing" serialized="true" />
    <type fullname="UnityEngine.UIElements.StyleValueHandle" preserve="nothing" serialized="true" />
    <type fullname="UnityEngine.UIElements.VisualElementAsset" preserve="nothing" serialized="true" />
  </assembly>
  <assembly fullname="UnityEngine.UIModule, Version=0.0.0.0, Culture=neutral, PublicKeyToken=null">
    <type fullname="UnityEngine.Canvas" preserve="all" />
    <type fullname="UnityEngine.CanvasRenderer" preserve="all" />
  </assembly>
</linker>